1.000000E-05;7.829777E+01;7.810355E+01;1.942254E-01
1.062500E-05;7.596740E+01;7.577897E+01;1.884263E-01
1.125000E-05;7.383424E+01;7.365112E+01;1.831175E-01
1.187500E-05;7.187197E+01;7.169374E+01;1.782335E-01
1.250000E-05;7.005895E+01;6.988523E+01;1.737205E-01
1.375000E-05;6.681160E+01;6.664597E+01;1.656360E-01
1.500000E-05;6.397970E+01;6.382111E+01;1.585844E-01
1.625000E-05;6.148167E+01;6.132931E+01;1.523630E-01
1.750000E-05;5.925675E+01;5.910993E+01;1.468206E-01
1.875000E-05;5.725860E+01;5.711676E+01;1.418422E-01
2.000000E-05;5.545118E+01;5.531385E+01;1.373381E-01
2.187500E-05;5.303694E+01;5.290562E+01;1.313203E-01
2.375000E-05;5.091518E+01;5.078915E+01;1.260301E-01
2.562500E-05;4.903133E+01;4.891000E+01;1.213317E-01
2.750000E-05;4.734409E+01;4.722696E+01;1.171223E-01
2.937500E-05;4.582153E+01;4.570820E+01;1.133228E-01
3.125000E-05;4.443855E+01;4.432868E+01;1.098705E-01
3.312500E-05;4.317509E+01;4.306837E+01;1.067156E-01
3.500000E-05;4.201490E+01;4.191109E+01;1.038178E-01
3.875000E-05;3.995341E+01;3.985474E+01;9.866660E-02
4.250000E-05;3.817221E+01;3.807800E+01;9.421316E-02
4.625000E-05;3.661321E+01;3.652289E+01;9.031298E-02
5.000000E-05;3.523388E+01;3.514702E+01;8.686025E-02
5.312500E-05;3.419838E+01;3.411411E+01;8.426682E-02
5.625000E-05;3.325087E+01;3.316898E+01;8.189263E-02
5.937500E-05;3.237961E+01;3.229990E+01;7.970843E-02
6.250000E-05;3.157493E+01;3.149724E+01;7.769017E-02
6.875000E-05;3.013447E+01;3.006040E+01;7.407467E-02
7.500000E-05;2.887927E+01;2.880835E+01;7.092109E-02
8.125000E-05;2.777291E+01;2.770477E+01;6.813878E-02
8.750000E-05;2.678827E+01;2.672261E+01;6.566017E-02
9.375000E-05;2.590468E+01;2.584124E+01;6.343376E-02
1.000000E-04;2.510604E+01;2.504462E+01;6.141947E-02
1.062500E-04;2.437965E+01;2.432006E+01;5.958564E-02
1.125000E-04;2.371530E+01;2.365740E+01;5.790683E-02
1.187500E-04;2.310471E+01;2.304835E+01;5.636237E-02
1.250000E-04;2.254105E+01;2.248612E+01;5.493524E-02
1.375000E-04;2.153275E+01;2.148037E+01;5.237870E-02
1.500000E-04;2.065497E+01;2.060482E+01;5.014878E-02
1.625000E-04;1.988201E+01;1.983382E+01;4.818139E-02
1.750000E-04;1.919474E+01;1.914831E+01;4.642875E-02
1.875000E-04;1.857857E+01;1.853372E+01;4.485443E-02
2.000000E-04;1.802218E+01;1.797875E+01;4.343012E-02
2.187500E-04;1.728056E+01;1.723903E+01;4.152713E-02
2.375000E-04;1.663045E+01;1.659060E+01;3.985421E-02
2.562500E-04;1.605472E+01;1.601635E+01;3.836843E-02
2.750000E-04;1.554038E+01;1.550334E+01;3.703733E-02
2.937500E-04;1.507742E+01;1.504159E+01;3.583579E-02
3.125000E-04;1.465797E+01;1.462323E+01;3.474409E-02
3.312500E-04;1.427574E+01;1.424199E+01;3.374645E-02
3.500000E-04;1.392563E+01;1.389280E+01;3.283008E-02
3.875000E-04;1.330584E+01;1.327464E+01;3.120111E-02
4.250000E-04;1.277300E+01;1.274321E+01;2.979281E-02
4.625000E-04;1.230894E+01;1.228038E+01;2.855946E-02
5.000000E-04;1.190039E+01;1.187292E+01;2.746761E-02
5.312500E-04;1.159507E+01;1.156842E+01;2.664749E-02
5.625000E-04;1.131683E+01;1.129093E+01;2.589671E-02
5.937500E-04;1.106202E+01;1.103682E+01;2.520600E-02
6.250000E-04;1.082764E+01;1.080307E+01;2.456777E-02
6.875000E-04;1.041056E+01;1.038713E+01;2.342445E-02
7.500000E-04;1.005001E+01;1.002758E+01;2.242720E-02
8.125000E-04;9.734725E+00;9.713178E+00;2.154736E-02
8.750000E-04;9.456322E+00;9.435558E+00;2.076355E-02
9.375000E-04;9.208423E+00;9.188364E+00;2.005949E-02
1.000000E-03;8.986081E+00;8.966659E+00;1.942252E-02
1.062500E-03;8.785395E+00;8.766552E+00;1.884261E-02
1.125000E-03;8.603234E+00;8.584922E+00;1.831172E-02
1.187500E-03;8.437064E+00;8.419241E+00;1.782332E-02
1.250000E-03;8.284802E+00;8.267430E+00;1.737202E-02
1.375000E-03;8.015377E+00;7.998814E+00;1.656357E-02
1.500000E-03;7.784200E+00;7.768342E+00;1.585841E-02
1.625000E-03;7.583505E+00;7.568269E+00;1.523626E-02
1.750000E-03;7.407533E+00;7.392851E+00;1.468202E-02
1.875000E-03;7.251916E+00;7.237732E+00;1.418418E-02
2.000000E-03;7.113273E+00;7.099540E+00;1.373377E-02
2.187500E-03;6.931469E+00;6.918337E+00;1.313199E-02
2.375000E-03;6.775145E+00;6.762542E+00;1.260296E-02
2.562500E-03;6.639276E+00;6.627143E+00;1.213311E-02
2.750000E-03;6.520092E+00;6.508380E+00;1.171217E-02
2.937500E-03;6.414702E+00;6.403370E+00;1.133221E-02
3.125000E-03;6.320849E+00;6.309862E+00;1.098698E-02
3.312500E-03;6.236748E+00;6.226077E+00;1.067149E-02
3.500000E-03;6.160964E+00;6.150582E+00;1.038171E-02
3.875000E-03;6.029890E+00;6.020024E+00;9.866580E-03
4.250000E-03;5.920546E+00;5.911125E+00;9.421228E-03
4.625000E-03;5.827992E+00;5.818960E+00;9.031204E-03
5.000000E-03;5.748675E+00;5.739989E+00;8.685925E-03
5.312500E-03;5.690779E+00;5.682353E+00;8.426577E-03
5.625000E-03;5.639081E+00;5.630892E+00;8.189153E-03
5.937500E-03;5.592648E+00;5.584677E+00;7.970730E-03
6.250000E-03;5.550723E+00;5.542954E+00;7.768900E-03
6.875000E-03;5.478030E+00;5.470623E+00;7.407342E-03
7.500000E-03;5.417213E+00;5.410121E+00;7.091979E-03
8.125000E-03;5.365605E+00;5.358792E+00;6.813743E-03
8.750000E-03;5.321277E+00;5.314711E+00;6.565877E-03
9.375000E-03;5.282799E+00;5.276456E+00;6.343232E-03
1.000000E-02;5.249092E+00;5.242951E+00;6.141801E-03
1.062500E-02;5.219325E+00;5.213366E+00;5.958416E-03
1.125000E-02;5.192846E+00;5.187056E+00;5.790535E-03
1.187500E-02;5.169142E+00;5.163506E+00;5.636089E-03
1.250000E-02;5.147799E+00;5.142305E+00;5.493377E-03
1.375000E-02;5.110915E+00;5.105677E+00;5.237727E-03
1.500000E-02;5.080162E+00;5.075147E+00;5.014744E-03
1.625000E-02;5.054129E+00;5.049311E+00;4.818016E-03
1.750000E-02;5.031807E+00;5.027165E+00;4.642765E-03
1.875000E-02;5.012456E+00;5.007970E+00;4.485348E-03
2.000000E-02;4.995518E+00;4.991175E+00;4.342933E-03
2.132500E-02;4.979727E+00;4.975522E+00;4.205863E-03
2.265000E-02;4.965780E+00;4.961699E+00;4.081005E-03
2.397500E-02;4.953371E+00;4.949405E+00;3.966646E-03
2.530000E-02;4.942259E+00;4.938398E+00;3.861391E-03
2.684375E-02;4.930692E+00;4.926944E+00;3.748727E-03
2.838750E-02;4.920381E+00;4.916735E+00;3.645380E-03
3.147500E-02;4.902784E+00;4.899322E+00;3.461976E-03
3.456250E-02;4.888324E+00;4.885020E+00;3.303719E-03
3.765000E-02;4.876228E+00;4.873063E+00;3.165343E-03
4.073750E-02;4.865960E+00;4.862917E+00;3.043008E-03
4.382500E-02;4.857135E+00;4.854201E+00;2.933842E-03
4.691250E-02;4.849468E+00;4.846632E+00;2.835642E-03
5.000000E-02;4.842744E+00;4.839998E+00;2.746692E-03
5.312500E-02;4.836732E+00;4.834067E+00;2.664684E-03
5.625000E-02;4.831386E+00;4.828796E+00;2.589613E-03
5.937500E-02;4.826600E+00;4.824079E+00;2.520553E-03
6.250000E-02;4.822291E+00;4.819834E+00;2.456740E-03
6.875000E-02;4.814843E+00;4.812500E+00;2.342417E-03
7.500000E-02;4.808632E+00;4.806389E+00;2.242685E-03
8.125000E-02;4.803372E+00;4.801218E+00;2.154679E-03
8.750000E-02;4.798861E+00;4.796785E+00;2.076273E-03
9.375000E-02;4.794949E+00;4.792944E+00;2.005848E-03
1.000000E-01;4.791525E+00;4.789582E+00;1.942145E-03
1.062500E-01;4.788501E+00;4.786617E+00;1.884164E-03
1.125000E-01;4.785812E+00;4.783981E+00;1.831099E-03
1.187500E-01;4.783406E+00;4.781623E+00;1.782289E-03
1.250000E-01;4.781238E+00;4.779501E+00;1.737190E-03
1.375000E-01;4.777493E+00;4.775836E+00;1.656388E-03
1.500000E-01;4.774368E+00;4.772782E+00;1.585881E-03
1.625000E-01;4.771722E+00;4.770198E+00;1.523654E-03
1.750000E-01;4.769451E+00;4.767983E+00;1.468220E-03
1.875000E-01;4.767482E+00;4.766063E+00;1.418436E-03
2.000000E-01;4.765757E+00;4.764383E+00;1.373403E-03
2.187500E-01;4.763537E+00;4.762224E+00;1.313228E-03
2.375000E-01;4.761666E+00;4.760405E+00;1.260304E-03
2.562500E-01;4.760066E+00;4.758853E+00;1.213281E-03
2.750000E-01;4.758683E+00;4.757512E+00;1.171153E-03
2.937500E-01;4.757476E+00;4.756342E+00;1.133145E-03
3.125000E-01;4.756412E+00;4.755313E+00;1.098643E-03
3.312500E-01;4.755467E+00;4.754400E+00;1.067147E-03
3.500000E-01;4.754623E+00;4.753585E+00;1.038234E-03
3.875000E-01;4.753178E+00;4.752192E+00;9.868019E-04
4.250000E-01;4.751986E+00;4.751044E+00;9.422611E-04
5.000000E-01;4.750134E+00;4.749265E+00;8.688345E-04
6.250000E-01;4.748026E+00;4.747249E+00;7.771081E-04
7.500000E-01;4.746614E+00;4.745904E+00;7.092702E-04
8.750000E-01;4.745601E+00;4.744944E+00;6.568494E-04
1.000000E+00;4.744838E+00;4.744223E+00;6.145656E-04
1.250000E+00;4.743764E+00;4.743214E+00;5.494979E-04
1.500000E+00;4.743042E+00;4.742540E+00;5.015241E-04
1.750000E+00;4.742524E+00;4.742059E+00;4.644486E-04
2.000000E+00;4.742132E+00;4.741697E+00;4.344781E-04
2.375000E+00;4.741696E+00;4.741298E+00;3.987162E-04
2.750000E+00;4.741377E+00;4.741006E+00;3.706225E-04
3.125000E+00;4.741131E+00;4.740784E+00;3.476001E-04
3.500000E+00;4.740937E+00;4.740609E+00;3.284005E-04
4.250000E+00;4.740648E+00;4.740350E+00;2.979582E-04
5.000000E+00;4.740442E+00;4.740168E+00;2.747226E-04
6.250000E+00;4.740204E+00;4.739958E+00;2.457181E-04
7.500000E+00;4.740040E+00;4.739816E+00;2.242762E-04
8.750000E+00;4.739920E+00;4.739713E+00;2.076628E-04
1.000000E+01;4.739827E+00;4.739633E+00;1.942746E-04
1.250000E+01;4.739695E+00;4.739521E+00;1.737313E-04
1.500000E+01;4.739600E+00;4.739442E+00;1.585764E-04
1.750000E+01;4.739530E+00;4.739383E+00;1.468238E-04
2.000000E+01;4.739472E+00;4.739335E+00;1.373446E-04
2.375000E+01;4.739404E+00;4.739278E+00;1.260325E-04
2.750000E+01;4.739349E+00;4.739232E+00;1.171329E-04
3.125000E+01;4.739302E+00;4.739192E+00;1.098712E-04
3.500000E+01;4.739262E+00;4.739158E+00;1.038122E-04
4.250000E+01;4.739193E+00;4.739099E+00;9.420023E-05
5.000000E+01;4.739133E+00;4.739046E+00;8.684899E-05
6.250000E+01;4.739046E+00;4.738969E+00;7.767913E-05
7.500000E+01;4.738969E+00;4.738898E+00;7.090708E-05
8.750000E+01;4.738896E+00;4.738831E+00;6.564901E-05
1.000000E+02;4.738828E+00;4.738766E+00;6.141121E-05
1.250000E+02;4.738696E+00;4.738641E+00;5.492415E-05
1.500000E+02;4.738570E+00;4.738520E+00;5.013664E-05
1.750000E+02;4.738446E+00;4.738400E+00;4.641837E-05
2.000000E+02;4.738326E+00;4.738282E+00;4.342071E-05
2.375000E+02;4.738145E+00;4.738105E+00;3.984507E-05
2.750000E+02;4.737967E+00;4.737930E+00;3.702962E-05
3.125000E+02;4.737791E+00;4.737756E+00;3.473589E-05
3.500000E+02;4.737615E+00;4.737582E+00;3.282166E-05
4.250000E+02;4.737265E+00;4.737235E+00;2.978434E-05
5.000000E+02;4.736917E+00;4.736889E+00;2.746293E-05
6.250000E+02;4.736338E+00;4.736313E+00;2.516043E-05
7.500000E+02;4.735761E+00;4.735738E+00;2.342552E-05
8.750000E+02;4.735185E+00;4.735163E+00;2.205273E-05
1.000000E+03;4.734609E+00;4.734588E+00;2.092873E-05
1.250000E+03;4.733450E+00;4.733431E+00;1.914834E-05
1.500000E+03;4.732292E+00;4.732274E+00;1.780667E-05
1.750000E+03;4.731136E+00;4.731119E+00;1.674611E-05
2.000000E+03;4.729978E+00;4.729962E+00;1.587944E-05
2.750000E+03;4.726508E+00;4.726494E+00;1.444395E-05
3.500000E+03;4.723040E+00;4.723026E+00;1.344441E-05
4.250000E+03;4.719571E+00;4.719558E+00;1.269021E-05
5.000000E+03;4.716105E+00;4.716093E+00;1.209222E-05
6.250000E+03;4.711855E+00;4.711843E+00;1.171673E-05
7.500000E+03;4.707607E+00;4.707596E+00;1.141916E-05
8.750000E+03;4.703359E+00;4.703348E+00;1.117349E-05
1.000000E+04;4.699110E+00;4.699099E+00;1.096528E-05
1.250000E+04;4.690610E+00;4.690599E+00;1.091074E-05
1.500000E+04;4.682110E+00;4.682099E+00;1.086667E-05
1.750000E+04;4.673710E+00;4.673699E+00;1.082956E-05
2.000000E+04;4.665310E+00;4.665299E+00;1.079798E-05
2.250000E+04;4.656960E+00;4.656949E+00;1.109166E-05
2.500000E+04;4.648611E+00;4.648599E+00;1.136163E-05
2.750000E+04;4.640261E+00;4.640249E+00;1.161150E-05
3.000000E+04;4.631911E+00;4.631899E+00;1.184440E-05
3.250000E+04;4.623661E+00;4.623649E+00;1.206278E-05
3.500000E+04;4.615411E+00;4.615399E+00;1.226854E-05
4.000000E+04;4.598912E+00;4.598899E+00;1.264820E-05
4.500000E+04;4.582512E+00;4.582499E+00;1.299284E-05
5.000000E+04;4.566213E+00;4.566199E+00;1.330927E-05
6.250000E+04;4.526213E+00;4.526199E+00;1.441323E-05
7.500000E+04;4.486215E+00;4.486200E+00;1.538306E-05
8.750000E+04;4.447315E+00;4.447299E+00;1.625378E-05
1.000000E+05;4.408416E+00;4.408399E+00;1.704774E-05
1.250000E+05;4.330118E+00;4.330100E+00;1.839744E-05
1.300000E+05;4.314821E+00;4.314802E+00;1.864548E-05
1.350000E+05;4.301221E+00;4.301202E+00;1.888731E-05
1.400000E+05;4.289125E+00;4.289106E+00;1.912330E-05
1.425000E+05;4.284831E+00;4.284812E+00;1.923923E-05
1.450000E+05;4.283856E+00;4.283837E+00;1.935382E-05
1.500000E+05;4.340294E+00;4.340274E+00;1.957916E-05
1.510000E+05;4.394013E+00;4.393994E+00;1.962363E-05
1.520000E+05;4.476176E+00;4.476157E+00;1.966790E-05
1.529000E+05;4.519509E+00;4.519489E+00;1.970759E-05
1.540000E+05;4.454301E+00;4.454281E+00;1.975589E-05
1.550000E+05;4.373419E+00;4.373399E+00;1.979959E-05
1.560000E+05;4.321297E+00;4.321277E+00;1.984312E-05
1.580000E+05;4.271161E+00;4.271141E+00;1.992962E-05
1.600000E+05;4.248461E+00;4.248441E+00;2.001540E-05
1.650000E+05;4.220430E+00;4.220409E+00;2.022680E-05
1.700000E+05;4.202124E+00;4.202104E+00;2.043403E-05
1.750000E+05;4.186122E+00;4.186101E+00;2.063728E-05
1.800000E+05;4.171222E+00;4.171201E+00;2.083673E-05
2.000000E+05;4.115921E+00;4.115900E+00;2.159958E-05
2.250000E+05;4.048422E+00;4.048400E+00;2.165101E-05
2.500000E+05;3.982821E+00;3.982800E+00;2.169674E-05
2.750000E+05;3.918222E+00;3.918200E+00;2.173819E-05
3.000000E+05;3.855122E+00;3.855100E+00;2.177610E-05
3.250000E+05;3.793722E+00;3.793700E+00;2.181103E-05
3.500000E+05;3.733822E+00;3.733800E+00;2.184342E-05
3.750000E+05;3.675322E+00;3.675300E+00;2.187362E-05
4.000000E+05;3.618222E+00;3.618200E+00;2.190191E-05
4.250000E+05;3.562622E+00;3.562600E+00;2.192852E-05
4.500000E+05;3.508222E+00;3.508200E+00;2.195363E-05
4.750000E+05;3.455122E+00;3.455100E+00;2.197741E-05
5.000000E+05;3.403322E+00;3.403300E+00;2.199999E-05
5.250000E+05;3.352722E+00;3.352700E+00;2.200702E-05
5.500000E+05;3.303222E+00;3.303200E+00;2.201372E-05
5.750000E+05;3.254922E+00;3.254900E+00;2.202013E-05
6.000000E+05;3.207622E+00;3.207600E+00;2.202626E-05
6.250000E+05;3.161522E+00;3.161500E+00;2.203214E-05
6.500000E+05;3.116322E+00;3.116300E+00;2.203780E-05
6.750000E+05;3.072222E+00;3.072200E+00;2.204324E-05
7.000000E+05;3.029022E+00;3.029000E+00;2.204849E-05
7.250000E+05;2.986822E+00;2.986800E+00;2.205355E-05
7.500000E+05;2.945422E+00;2.945400E+00;2.205844E-05
7.750000E+05;2.905022E+00;2.905000E+00;2.206317E-05
8.000000E+05;2.865422E+00;2.865400E+00;2.206776E-05
8.250000E+05;2.826722E+00;2.826700E+00;2.207220E-05
8.500000E+05;2.788822E+00;2.788800E+00;2.207651E-05
8.750000E+05;2.751722E+00;2.751700E+00;2.208070E-05
9.000000E+05;2.715422E+00;2.715400E+00;2.208477E-05
9.250000E+05;2.679822E+00;2.679800E+00;2.208873E-05
9.500000E+05;2.645022E+00;2.645000E+00;2.209258E-05
9.750000E+05;2.610822E+00;2.610800E+00;2.209634E-05
1.000000E+06;2.577422E+00;2.577400E+00;2.210000E-05
1.050000E+06;2.512522E+00;2.512499E+00;2.210114E-05
1.100000E+06;2.450321E+00;2.450299E+00;2.210223E-05
1.150000E+06;2.390521E+00;2.390499E+00;2.210327E-05
1.200000E+06;2.333121E+00;2.333099E+00;2.210427E-05
1.250000E+06;2.277921E+00;2.277899E+00;2.210522E-05
1.300000E+06;2.224921E+00;2.224898E+00;2.210614E-05
1.350000E+06;2.173920E+00;2.173898E+00;2.210702E-05
1.400000E+06;2.125020E+00;2.124997E+00;2.210788E-05
1.450000E+06;2.078020E+00;2.077997E+00;2.210870E-05
1.500000E+06;2.032819E+00;2.032797E+00;2.210949E-05
1.550000E+06;1.988818E+00;1.988796E+00;2.211026E-05
1.600000E+06;1.946519E+00;1.946496E+00;2.211100E-05
1.650000E+06;1.905918E+00;1.905896E+00;2.211172E-05
1.680000E+06;1.881917E+00;1.881895E+00;2.211215E-05
1.700000E+06;1.865518E+00;1.865496E+00;2.211242E-05
1.710000E+06;1.857420E+00;1.857398E+00;2.211256E-05
1.720000E+06;1.850734E+00;1.850712E+00;2.211270E-05
1.730000E+06;1.854748E+00;1.854726E+00;2.211283E-05
1.736000E+06;1.862456E+00;1.862434E+00;2.211291E-05
1.740000E+06;1.854417E+00;1.854395E+00;2.211297E-05
1.750000E+06;1.832742E+00;1.832719E+00;2.211310E-05
1.760000E+06;1.824421E+00;1.824399E+00;2.211323E-05
1.770000E+06;1.818017E+00;1.817995E+00;2.211337E-05
1.780000E+06;1.811516E+00;1.811494E+00;2.211350E-05
1.790000E+06;1.804817E+00;1.804795E+00;2.211363E-05
1.800000E+06;1.798017E+00;1.797995E+00;2.211376E-05
1.820000E+06;1.784417E+00;1.784395E+00;2.211402E-05
1.850000E+06;1.764417E+00;1.764395E+00;2.211440E-05
1.900000E+06;1.731918E+00;1.731895E+00;2.211503E-05
1.950000E+06;1.700617E+00;1.700595E+00;2.211564E-05
2.000000E+06;1.670421E+00;1.670399E+00;2.211623E-05
2.025000E+06;1.659116E+00;1.659094E+00;2.211652E-05
2.050000E+06;1.684916E+00;1.684894E+00;2.211681E-05
2.052000E+06;1.695116E+00;1.695094E+00;2.211683E-05
2.053000E+06;1.702016E+00;1.701994E+00;2.211684E-05
2.054000E+06;1.708916E+00;1.708894E+00;2.211685E-05
2.056000E+06;1.727816E+00;1.727794E+00;2.211688E-05
2.058000E+06;1.754216E+00;1.754194E+00;2.211690E-05
2.060000E+06;1.791816E+00;1.791794E+00;2.211692E-05
2.061000E+06;1.816516E+00;1.816494E+00;2.211693E-05
2.062000E+06;1.846716E+00;1.846694E+00;2.211694E-05
2.063000E+06;1.883616E+00;1.883594E+00;2.211696E-05
2.064000E+06;1.929416E+00;1.929394E+00;2.211697E-05
2.065000E+06;1.986816E+00;1.986794E+00;2.211698E-05
2.066000E+06;2.059516E+00;2.059494E+00;2.211699E-05
2.067000E+06;2.152516E+00;2.152494E+00;2.211700E-05
2.068000E+06;2.273616E+00;2.273594E+00;2.211701E-05
2.069000E+06;2.432816E+00;2.432794E+00;2.211702E-05
2.070000E+06;2.644916E+00;2.644894E+00;2.211703E-05
2.071000E+06;2.929716E+00;2.929694E+00;2.211705E-05
2.072000E+06;3.312216E+00;3.312194E+00;2.211706E-05
2.073000E+06;3.817616E+00;3.817594E+00;2.211707E-05
2.074000E+06;4.451116E+00;4.451094E+00;2.211708E-05
2.075000E+06;5.156516E+00;5.156494E+00;2.211709E-05
2.076000E+06;5.766416E+00;5.766394E+00;2.211710E-05
2.077000E+06;6.043516E+00;6.043494E+00;2.211711E-05
2.078000E+06;5.871916E+00;5.871894E+00;2.211712E-05
2.079000E+06;5.372816E+00;5.372794E+00;2.211714E-05
2.080000E+06;4.765416E+00;4.765394E+00;2.211715E-05
2.081000E+06;4.198916E+00;4.198894E+00;2.211716E-05
2.082000E+06;3.728216E+00;3.728194E+00;2.211717E-05
2.083000E+06;3.355916E+00;3.355894E+00;2.211718E-05
2.084000E+06;3.065816E+00;3.065794E+00;2.211719E-05
2.085000E+06;2.839916E+00;2.839894E+00;2.211720E-05
2.086000E+06;2.662616E+00;2.662594E+00;2.211721E-05
2.087000E+06;2.521816E+00;2.521794E+00;2.211723E-05
2.088000E+06;2.408516E+00;2.408494E+00;2.211724E-05
2.089000E+06;2.316616E+00;2.316594E+00;2.211725E-05
2.090000E+06;2.240716E+00;2.240694E+00;2.211726E-05
2.091000E+06;2.177616E+00;2.177594E+00;2.211727E-05
2.092000E+06;2.124516E+00;2.124494E+00;2.211728E-05
2.093000E+06;2.079416E+00;2.079394E+00;2.211729E-05
2.094000E+06;2.040716E+00;2.040694E+00;2.211730E-05
2.095000E+06;2.007316E+00;2.007294E+00;2.211732E-05
2.096000E+06;1.978316E+00;1.978294E+00;2.211733E-05
2.097000E+06;1.952816E+00;1.952794E+00;2.211734E-05
2.098000E+06;1.930316E+00;1.930294E+00;2.211735E-05
2.099000E+06;1.910416E+00;1.910394E+00;2.211736E-05
2.100000E+06;1.892616E+00;1.892594E+00;2.211737E-05
2.102000E+06;1.862416E+00;1.862394E+00;2.211739E-05
2.104000E+06;1.837616E+00;1.837594E+00;2.211742E-05
2.106000E+06;1.817016E+00;1.816994E+00;2.211744E-05
2.108000E+06;1.799616E+00;1.799594E+00;2.211746E-05
2.110000E+06;1.784816E+00;1.784794E+00;2.211748E-05
2.112000E+06;1.772116E+00;1.772094E+00;2.211750E-05
2.114000E+06;1.760916E+00;1.760894E+00;2.211753E-05
2.116000E+06;1.751116E+00;1.751094E+00;2.211755E-05
2.118000E+06;1.742416E+00;1.742394E+00;2.211757E-05
2.120000E+06;1.734716E+00;1.734694E+00;2.211759E-05
2.140000E+06;1.686315E+00;1.686293E+00;2.211781E-05
2.160000E+06;1.661115E+00;1.661093E+00;2.211803E-05
2.180000E+06;1.644515E+00;1.644493E+00;2.211825E-05
2.200000E+06;1.632015E+00;1.631993E+00;2.211846E-05
2.220000E+06;1.621915E+00;1.621893E+00;2.211867E-05
2.240000E+06;1.613614E+00;1.613592E+00;2.211888E-05
2.260000E+06;1.606514E+00;1.606492E+00;2.211909E-05
2.280000E+06;1.600414E+00;1.600392E+00;2.211930E-05
2.300000E+06;1.595314E+00;1.595292E+00;2.211950E-05
2.320000E+06;1.591114E+00;1.591092E+00;2.211971E-05
2.340000E+06;1.587813E+00;1.587791E+00;2.211991E-05
2.360000E+06;1.585313E+00;1.585291E+00;2.212011E-05
2.380000E+06;1.583713E+00;1.583691E+00;2.212030E-05
2.400000E+06;1.582913E+00;1.582891E+00;2.212050E-05
2.420000E+06;1.583113E+00;1.583091E+00;2.212069E-05
2.440000E+06;1.584312E+00;1.584290E+00;2.212089E-05
2.460000E+06;1.586612E+00;1.586590E+00;2.212108E-05
2.480000E+06;1.589912E+00;1.589890E+00;2.212127E-05
2.500000E+06;1.594512E+00;1.594490E+00;2.212146E-05
2.520000E+06;1.600412E+00;1.600390E+00;2.212164E-05
2.540000E+06;1.607711E+00;1.607689E+00;2.212183E-05
2.553000E+06;1.613411E+00;1.613389E+00;2.212195E-05
2.560000E+06;1.616511E+00;1.616489E+00;2.212201E-05
2.580000E+06;1.627011E+00;1.626989E+00;2.212219E-05
2.600000E+06;1.639511E+00;1.639489E+00;2.212237E-05
2.620000E+06;1.654011E+00;1.653989E+00;2.212255E-05
2.640000E+06;1.670911E+00;1.670889E+00;2.212273E-05
2.660000E+06;1.690511E+00;1.690489E+00;2.212291E-05
2.680000E+06;1.713210E+00;1.713188E+00;2.212308E-05
2.700000E+06;1.739610E+00;1.739588E+00;2.212326E-05
2.720000E+06;1.770210E+00;1.770188E+00;2.212343E-05
2.740000E+06;1.805910E+00;1.805888E+00;2.212360E-05
2.760000E+06;1.847810E+00;1.847788E+00;2.212377E-05
2.780000E+06;1.897910E+00;1.897888E+00;2.212394E-05
2.785000E+06;1.912010E+00;1.911988E+00;2.212398E-05
2.790000E+06;1.927010E+00;1.926988E+00;2.212403E-05
2.795000E+06;1.943109E+00;1.943087E+00;2.212407E-05
2.800000E+06;1.961109E+00;1.961087E+00;2.212411E-05
2.802000E+06;1.969309E+00;1.969287E+00;2.212413E-05
2.804000E+06;1.978609E+00;1.978587E+00;2.212414E-05
2.806000E+06;1.990309E+00;1.990287E+00;2.212416E-05
2.808000E+06;2.007009E+00;2.006987E+00;2.212418E-05
2.810000E+06;2.038909E+00;2.038887E+00;2.212419E-05
2.811000E+06;2.071809E+00;2.071787E+00;2.212420E-05
2.812000E+06;2.140009E+00;2.139987E+00;2.212421E-05
2.813000E+06;2.328009E+00;2.327987E+00;2.212422E-05
2.814000E+06;3.160509E+00;3.160487E+00;2.212423E-05
2.815000E+06;5.070909E+00;5.070887E+00;2.212424E-05
2.816000E+06;2.776209E+00;2.776187E+00;2.212424E-05
2.817000E+06;2.289509E+00;2.289487E+00;2.212425E-05
2.818000E+06;2.158909E+00;2.158887E+00;2.212426E-05
2.819000E+06;2.109009E+00;2.108987E+00;2.212427E-05
2.820000E+06;2.086309E+00;2.086287E+00;2.212428E-05
2.822000E+06;2.069709E+00;2.069687E+00;2.212429E-05
2.824000E+06;2.067309E+00;2.067287E+00;2.212431E-05
2.826000E+06;2.070209E+00;2.070187E+00;2.212433E-05
2.828000E+06;2.075609E+00;2.075587E+00;2.212434E-05
2.830000E+06;2.082509E+00;2.082487E+00;2.212436E-05
2.835000E+06;2.102909E+00;2.102887E+00;2.212440E-05
2.840000E+06;2.126509E+00;2.126487E+00;2.212444E-05
2.845000E+06;2.152209E+00;2.152187E+00;2.212448E-05
2.850000E+06;2.180109E+00;2.180087E+00;2.212453E-05
2.855000E+06;2.210209E+00;2.210187E+00;2.212457E-05
2.860000E+06;2.242509E+00;2.242487E+00;2.212461E-05
2.865000E+06;2.277409E+00;2.277387E+00;2.212465E-05
2.870000E+06;2.314909E+00;2.314887E+00;2.212469E-05
2.875000E+06;2.355509E+00;2.355487E+00;2.212473E-05
2.880000E+06;2.399409E+00;2.399387E+00;2.212477E-05
2.885000E+06;2.447009E+00;2.446987E+00;2.212481E-05
2.890000E+06;2.498709E+00;2.498687E+00;2.212485E-05
2.895000E+06;2.554809E+00;2.554787E+00;2.212489E-05
2.900000E+06;2.615709E+00;2.615687E+00;2.212493E-05
2.905000E+06;2.681809E+00;2.681787E+00;2.212497E-05
2.910000E+06;2.753209E+00;2.753187E+00;2.212501E-05
2.915000E+06;2.829609E+00;2.829587E+00;2.212505E-05
2.920000E+06;2.910309E+00;2.910287E+00;2.212509E-05
2.924000E+06;2.976809E+00;2.976787E+00;2.212513E-05
2.928000E+06;3.043208E+00;3.043186E+00;2.212516E-05
2.932000E+06;3.106708E+00;3.106686E+00;2.212519E-05
2.936000E+06;3.163308E+00;3.163286E+00;2.212522E-05
2.940000E+06;3.207008E+00;3.206986E+00;2.212525E-05
2.944000E+06;3.229708E+00;3.229686E+00;2.212529E-05
2.948000E+06;3.221208E+00;3.221186E+00;2.212532E-05
2.952000E+06;3.170708E+00;3.170686E+00;2.212535E-05
2.956000E+06;3.068608E+00;3.068586E+00;2.212538E-05
2.960000E+06;2.910608E+00;2.910586E+00;2.212541E-05
2.964000E+06;2.701308E+00;2.701286E+00;2.212544E-05
2.968000E+06;2.455708E+00;2.455686E+00;2.212548E-05
2.972000E+06;2.196008E+00;2.195986E+00;2.212551E-05
2.976000E+06;1.945808E+00;1.945786E+00;2.212554E-05
2.980000E+06;1.723508E+00;1.723486E+00;2.212557E-05
2.984000E+06;1.539508E+00;1.539486E+00;2.212560E-05
2.988000E+06;1.396208E+00;1.396186E+00;2.212563E-05
2.992000E+06;1.290808E+00;1.290786E+00;2.212566E-05
2.996000E+06;1.217608E+00;1.217586E+00;2.212570E-05
3.000000E+06;1.170408E+00;1.170386E+00;2.212573E-05
3.010000E+06;1.129508E+00;1.129486E+00;2.212581E-05
3.020000E+06;1.150308E+00;1.150286E+00;2.212588E-05
3.030000E+06;1.197608E+00;1.197586E+00;2.212596E-05
3.040000E+06;1.254708E+00;1.254686E+00;2.212604E-05
3.050000E+06;1.314008E+00;1.313986E+00;2.212611E-05
3.053000E+06;1.331608E+00;1.331586E+00;2.212614E-05
3.060000E+06;1.372507E+00;1.372485E+00;2.212619E-05
3.080000E+06;1.482507E+00;1.482485E+00;2.212634E-05
3.100000E+06;1.582607E+00;1.582585E+00;2.212650E-05
3.120000E+06;1.674407E+00;1.674385E+00;2.212665E-05
3.140000E+06;1.759907E+00;1.759885E+00;2.212680E-05
3.160000E+06;1.840407E+00;1.840385E+00;2.212694E-05
3.180000E+06;1.917107E+00;1.917085E+00;2.212709E-05
3.200000E+06;1.990407E+00;1.990385E+00;2.212724E-05
3.220000E+06;2.060906E+00;2.060884E+00;2.212739E-05
3.240000E+06;2.128506E+00;2.128484E+00;2.212753E-05
3.260000E+06;2.193206E+00;2.193184E+00;2.212767E-05
3.280000E+06;2.254906E+00;2.254884E+00;2.212782E-05
3.300000E+06;2.313206E+00;2.313184E+00;2.212796E-05
3.320000E+06;2.367806E+00;2.367784E+00;2.212810E-05
3.340000E+06;2.418306E+00;2.418284E+00;2.212824E-05
3.360000E+06;2.464406E+00;2.464384E+00;2.212838E-05
3.380000E+06;2.505805E+00;2.505783E+00;2.212852E-05
3.400000E+06;2.542005E+00;2.541983E+00;2.212866E-05
3.420000E+06;2.572905E+00;2.572883E+00;2.212880E-05
3.440000E+06;2.598405E+00;2.598383E+00;2.212893E-05
3.460000E+06;2.618205E+00;2.618183E+00;2.212907E-05
3.480000E+06;2.632405E+00;2.632383E+00;2.212921E-05
3.500000E+06;2.641005E+00;2.640983E+00;2.212934E-05
3.520000E+06;2.644205E+00;2.644183E+00;2.212947E-05
3.540000E+06;2.642204E+00;2.642182E+00;2.212961E-05
3.553000E+06;2.637704E+00;2.637682E+00;2.212969E-05
3.560000E+06;2.635304E+00;2.635282E+00;2.212974E-05
3.580000E+06;2.623804E+00;2.623782E+00;2.212987E-05
3.600000E+06;2.608104E+00;2.608082E+00;2.213000E-05
3.620000E+06;2.588504E+00;2.588482E+00;2.213013E-05
3.640000E+06;2.565404E+00;2.565382E+00;2.213026E-05
3.660000E+06;2.539304E+00;2.539282E+00;2.213039E-05
3.680000E+06;2.510503E+00;2.510481E+00;2.213051E-05
3.700000E+06;2.479503E+00;2.479481E+00;2.213064E-05
3.720000E+06;2.446503E+00;2.446481E+00;2.213077E-05
3.740000E+06;2.412003E+00;2.411981E+00;2.213089E-05
3.760000E+06;2.376203E+00;2.376181E+00;2.213102E-05
3.780000E+06;2.339403E+00;2.339381E+00;2.213114E-05
3.800000E+06;2.301902E+00;2.301880E+00;2.213127E-05
3.820000E+06;2.263902E+00;2.263880E+00;2.213139E-05
3.840000E+06;2.225702E+00;2.225680E+00;2.213151E-05
3.860000E+06;2.187402E+00;2.187380E+00;2.213163E-05
3.880000E+06;2.149102E+00;2.149080E+00;2.213176E-05
3.900000E+06;2.111202E+00;2.111180E+00;2.213188E-05
3.920000E+06;2.073601E+00;2.073579E+00;2.213200E-05
3.940000E+06;2.036701E+00;2.036679E+00;2.213211E-05
3.960000E+06;2.000701E+00;2.000679E+00;2.213223E-05
3.980000E+06;1.965701E+00;1.965679E+00;2.213235E-05
4.000000E+06;1.932101E+00;1.932079E+00;2.213247E-05
4.010000E+06;1.916001E+00;1.915979E+00;2.213253E-05
4.020000E+06;1.900401E+00;1.900379E+00;2.213259E-05
4.030000E+06;1.885500E+00;1.885478E+00;2.213264E-05
4.040000E+06;1.871400E+00;1.871378E+00;2.213270E-05
4.050000E+06;1.858100E+00;1.858078E+00;2.213276E-05
4.053000E+06;1.854500E+00;1.854478E+00;2.213278E-05
4.060000E+06;1.845900E+00;1.845878E+00;2.213282E-05
4.070000E+06;1.835000E+00;1.834978E+00;2.213288E-05
4.080000E+06;1.825500E+00;1.825478E+00;2.213293E-05
4.090000E+06;1.818000E+00;1.817978E+00;2.213299E-05
4.100000E+06;1.812600E+00;1.812578E+00;2.213305E-05
4.110000E+06;1.809800E+00;1.809778E+00;2.213311E-05
4.120000E+06;1.810300E+00;1.810278E+00;2.213316E-05
4.130000E+06;1.814500E+00;1.814478E+00;2.213322E-05
4.140000E+06;1.823300E+00;1.823278E+00;2.213328E-05
4.150000E+06;1.837200E+00;1.837178E+00;2.213333E-05
4.160000E+06;1.857200E+00;1.857178E+00;2.213339E-05
4.170000E+06;1.883900E+00;1.883878E+00;2.213344E-05
4.180000E+06;1.917499E+00;1.917477E+00;2.213350E-05
4.190000E+06;1.957899E+00;1.957877E+00;2.213356E-05
4.200000E+06;2.004299E+00;2.004277E+00;2.213361E-05
4.210000E+06;2.054899E+00;2.054877E+00;2.213367E-05
4.220000E+06;2.106599E+00;2.106577E+00;2.213372E-05
4.230000E+06;2.155899E+00;2.155877E+00;2.213378E-05
4.240000E+06;2.198799E+00;2.198777E+00;2.213383E-05
4.250000E+06;2.231899E+00;2.231877E+00;2.213389E-05
4.260000E+06;2.252799E+00;2.252777E+00;2.213395E-05
4.270000E+06;2.260899E+00;2.260877E+00;2.213400E-05
4.280000E+06;2.256799E+00;2.256777E+00;2.213406E-05
4.290000E+06;2.242199E+00;2.242177E+00;2.213411E-05
4.300000E+06;2.219499E+00;2.219477E+00;2.213416E-05
4.310000E+06;2.190899E+00;2.190877E+00;2.213422E-05
4.320000E+06;2.158499E+00;2.158477E+00;2.213427E-05
4.330000E+06;2.123998E+00;2.123976E+00;2.213433E-05
4.340000E+06;2.088598E+00;2.088576E+00;2.213438E-05
4.350000E+06;2.053398E+00;2.053376E+00;2.213444E-05
4.360000E+06;2.018898E+00;2.018876E+00;2.213449E-05
4.370000E+06;1.985398E+00;1.985376E+00;2.213454E-05
4.380000E+06;1.953298E+00;1.953276E+00;2.213460E-05
4.390000E+06;1.922598E+00;1.922576E+00;2.213465E-05
4.400000E+06;1.893298E+00;1.893276E+00;2.213470E-05
4.420000E+06;1.838998E+00;1.838976E+00;2.213481E-05
4.440000E+06;1.789898E+00;1.789876E+00;2.213492E-05
4.460000E+06;1.745398E+00;1.745376E+00;2.213502E-05
4.480000E+06;1.704898E+00;1.704876E+00;2.213513E-05
4.500000E+06;1.667697E+00;1.667675E+00;2.213523E-05
4.520000E+06;1.633297E+00;1.633275E+00;2.213533E-05
4.540000E+06;1.601497E+00;1.601475E+00;2.213544E-05
4.553000E+06;1.582197E+00;1.582175E+00;2.213550E-05
4.560000E+06;1.571697E+00;1.571675E+00;2.213554E-05
4.580000E+06;1.543797E+00;1.543775E+00;2.213564E-05
4.600000E+06;1.517497E+00;1.517475E+00;2.213575E-05
4.620000E+06;1.492496E+00;1.492474E+00;2.213585E-05
4.640000E+06;1.468796E+00;1.468774E+00;2.213595E-05
4.660000E+06;1.446196E+00;1.446174E+00;2.213605E-05
4.680000E+06;1.424496E+00;1.424474E+00;2.213615E-05
4.700000E+06;1.403596E+00;1.403574E+00;2.213625E-05
4.720000E+06;1.383396E+00;1.383374E+00;2.213635E-05
4.740000E+06;1.363895E+00;1.363873E+00;2.213645E-05
4.760000E+06;1.344795E+00;1.344773E+00;2.213655E-05
4.780000E+06;1.326195E+00;1.326173E+00;2.213665E-05
4.800000E+06;1.307795E+00;1.307773E+00;2.213674E-05
4.810000E+06;1.298595E+00;1.298573E+00;2.213679E-05
4.812000E+06;1.296695E+00;1.296673E+00;2.213680E-05
4.812089E+06;1.296595E+00;1.296573E+00;2.213680E-05
4.820000E+06;1.289876E+00;1.287669E+00;2.213684E-05
4.850000E+06;1.270495E+00;1.260003E+00;2.213699E-05
4.899900E+06;1.251794E+00;1.223016E+00;2.213723E-05
4.900000E+06;1.251794E+00;1.222979E+00;2.213723E-05
4.919400E+06;1.275094E+00;1.238662E+00;2.213732E-05
4.920000E+06;1.279494E+00;1.242827E+00;2.213732E-05
4.930000E+06;1.352594E+00;1.310692E+00;2.213737E-05
4.934500E+06;1.385194E+00;1.341525E+00;2.213739E-05
4.935500E+06;1.763393E+00;1.719332E+00;2.213740E-05
4.936700E+06;2.011594E+00;1.967061E+00;2.213740E-05
4.938500E+06;1.985894E+00;1.940655E+00;2.213741E-05
4.939500E+06;1.782794E+00;1.737162E+00;2.213741E-05
4.940000E+06;1.739694E+00;1.693866E+00;2.213742E-05
4.943200E+06;1.463894E+00;1.417228E+00;2.213743E-05
4.948100E+06;1.325594E+00;1.277645E+00;2.213746E-05
4.950000E+06;1.312394E+00;1.263948E+00;2.213746E-05
4.954600E+06;1.280594E+00;1.230141E+00;2.213749E-05
4.958400E+06;1.259293E+00;1.207183E+00;2.213750E-05
4.980000E+06;1.223593E+00;1.162060E+00;2.213761E-05
4.990000E+06;1.203393E+00;1.141205E+00;2.213765E-05
5.000000E+06;1.183193E+00;1.120351E+00;2.213770E-05
5.001000E+06;1.195393E+00;1.132431E+00;2.214432E-05
5.030000E+06;1.177293E+00;1.117621E+00;2.233654E-05
5.053000E+06;1.172493E+00;1.115501E+00;2.248938E-05
5.100000E+06;1.151193E+00;1.091930E+00;2.280279E-05
5.120000E+06;1.112493E+00;1.048870E+00;2.293658E-05
5.150000E+06;1.135693E+00;1.063040E+00;2.313777E-05
5.180000E+06;1.124692E+00;1.043219E+00;2.333953E-05
5.200000E+06;1.107792E+00;1.020759E+00;2.347436E-05
5.230000E+06;1.098193E+00;1.004789E+00;2.367708E-05
5.280000E+06;1.064892E+00;9.654380E-01;2.401624E-05
5.300000E+06;1.058092E+00;9.571677E-01;2.415235E-05
5.330000E+06;1.045492E+00;9.328674E-01;2.435699E-05
5.335000E+06;1.079592E+00;9.630673E-01;2.439115E-05
5.340000E+06;1.027092E+00;9.216672E-01;2.442533E-05
5.360000E+06;1.578292E+00;1.458567E+00;2.456220E-05
5.362000E+06;1.825492E+00;1.697967E+00;2.457590E-05
5.370000E+06;1.992292E+00;1.864067E+00;2.463073E-05
5.371000E+06;1.971592E+00;1.844467E+00;2.463759E-05
5.378000E+06;1.757692E+00;1.630767E+00;2.468560E-05
5.380000E+06;1.679592E+00;1.553867E+00;2.469932E-05
5.390000E+06;1.462692E+00;1.337667E+00;2.476798E-05
5.400000E+06;1.327692E+00;1.202767E+00;2.483670E-05
5.410000E+06;1.261091E+00;1.133766E+00;2.490548E-05
5.420000E+06;1.227791E+00;1.098666E+00;2.497433E-05
5.430000E+06;1.198991E+00;1.069966E+00;2.504324E-05
5.440000E+06;1.190991E+00;1.060366E+00;2.511221E-05
5.460000E+06;1.145691E+00;1.016466E+00;2.525034E-05
5.474740E+06;1.135853E+00;1.006922E+00;2.535230E-05
5.500000E+06;1.118991E+00;9.905653E-01;2.570605E-05
5.550000E+06;1.101191E+00;9.727647E-01;2.641597E-05
5.553000E+06;1.110891E+00;9.817646E-01;2.645897E-05
5.600000E+06;1.088791E+00;9.588636E-01;2.713886E-05
5.650000E+06;1.079190E+00;9.419625E-01;2.787484E-05
5.700000E+06;1.068190E+00;9.200614E-01;2.862403E-05
5.800000E+06;1.078789E+00;9.098593E-01;3.016251E-05
5.900000E+06;1.079689E+00;8.853571E-01;3.175526E-05
6.000000E+06;1.097488E+00;8.753550E-01;3.340320E-05
6.050000E+06;1.104088E+00;8.726539E-01;3.412156E-05
6.053000E+06;1.107988E+00;8.756538E-01;3.416496E-05
6.125000E+06;1.133187E+00;8.907518E-01;3.521664E-05
6.160000E+06;1.162287E+00;9.140508E-01;3.573491E-05
6.174000E+06;1.189386E+00;9.388504E-01;3.594351E-05
6.180000E+06;1.195986E+00;9.455503E-01;3.603314E-05
6.181200E+06;1.197886E+00;9.476662E-01;3.605108E-05
6.181241E+06;1.197951E+00;9.477386E-01;3.605170E-05
6.190000E+06;1.211886E+00;9.632120E-01;3.618283E-05
6.200000E+06;1.227786E+00;9.807917E-01;3.633289E-05
6.210000E+06;1.274485E+00;1.023931E+00;3.648333E-05
6.220000E+06;1.293186E+00;1.038771E+00;3.663415E-05
6.230000E+06;1.345086E+00;1.085411E+00;3.678535E-05
6.240000E+06;1.428886E+00;1.162250E+00;3.693693E-05
6.250000E+06;1.503185E+00;1.237489E+00;3.708889E-05
6.285000E+06;2.415385E+00;2.104878E+00;3.762375E-05
6.295000E+06;2.710685E+00;2.382617E+00;3.777743E-05
6.303000E+06;2.598985E+00;2.263269E+00;3.790065E-05
6.310000E+06;2.360385E+00;2.011527E+00;3.800866E-05
6.320000E+06;1.935084E+00;1.596266E+00;3.816329E-05
6.330000E+06;1.703084E+00;1.368506E+00;3.831831E-05
6.340000E+06;1.520584E+00;1.192705E+00;3.847371E-05
6.350000E+06;1.481884E+00;1.146304E+00;3.862949E-05
6.360000E+06;1.600884E+00;1.224303E+00;3.878566E-05
6.370000E+06;1.406384E+00;1.066002E+00;3.894221E-05
6.390000E+06;1.178384E+00;8.893001E-01;3.925647E-05
6.400000E+06;1.154883E+00;8.725991E-01;3.941418E-05
6.410000E+06;1.117683E+00;8.473981E-01;3.957227E-05
6.420000E+06;1.089983E+00;8.254972E-01;3.973075E-05
6.430000E+06;1.102883E+00;8.413962E-01;3.988962E-05
6.440000E+06;1.079583E+00;8.276952E-01;4.004887E-05
6.450000E+06;1.079783E+00;8.336942E-01;4.020851E-05
6.470000E+06;1.060183E+00;8.280922E-01;4.052895E-05
6.490000E+06;1.057582E+00;8.303902E-01;4.085095E-05
6.510000E+06;1.037282E+00;8.043883E-01;4.117450E-05
6.540000E+06;9.720818E-01;7.057853E-01;4.166275E-05
6.553000E+06;8.956516E-01;6.317540E-01;4.187542E-05
6.558080E+06;8.618550E-01;6.020935E-01;4.195870E-05
6.560000E+06;8.490815E-01;5.908833E-01;4.199815E-05
6.570000E+06;7.694413E-01;5.304422E-01;4.220405E-05
6.580000E+06;7.322213E-01;5.013212E-01;4.241064E-05
6.590000E+06;7.432111E-01;5.050101E-01;4.261793E-05
6.600000E+06;7.378109E-01;5.140090E-01;4.282591E-05
6.620000E+06;7.818406E-01;5.769369E-01;4.324397E-05
6.640000E+06;7.638103E-01;5.919048E-01;4.366483E-05
6.658000E+06;9.358300E-01;7.369228E-01;4.404601E-05
6.665000E+06;8.630899E-01;6.824821E-01;4.419486E-05
6.670000E+06;8.490199E-01;6.701116E-01;4.430140E-05
6.680000E+06;8.427597E-01;6.613505E-01;4.451500E-05
6.700000E+06;8.365495E-01;6.555384E-01;4.494433E-05
6.750000E+06;8.158088E-01;6.499931E-01;4.603010E-05
6.810000E+06;7.978879E-01;6.457667E-01;4.735671E-05
6.920000E+06;7.698765E-01;6.060450E-01;4.985679E-05
7.000000E+06;7.449554E-01;5.736164E-01;5.173110E-05
7.053000E+06;7.490647E-01;5.726208E-01;5.282094E-05
7.100000E+06;7.487835E-01;5.691353E-01;5.379957E-05
7.140000E+06;7.680625E-01;5.828107E-01;5.464149E-05
7.180000E+06;7.976015E-01;6.025460E-01;5.549178E-05
7.200000E+06;8.446310E-01;6.398751E-01;5.592007E-05
7.220000E+06;8.775805E-01;6.678271E-01;5.635046E-05
7.225000E+06;8.878304E-01;6.763279E-01;5.645839E-05
7.250000E+06;9.766898E-01;7.467458E-01;5.700001E-05
7.270000E+06;1.069069E+00;8.226378E-01;5.743568E-05
7.280000E+06;1.138669E+00;8.841454E-01;5.765431E-05
7.340000E+06;1.644468E+00;1.332045E+00;5.897726E-05
7.350000E+06;1.756167E+00;1.429922E+00;5.919961E-05
7.360000E+06;1.755467E+00;1.422168E+00;5.942250E-05
7.370000E+06;1.808567E+00;1.463970E+00;5.964593E-05
7.400000E+06;1.781366E+00;1.413788E+00;6.031942E-05
7.420000E+06;1.770766E+00;1.397957E+00;6.077109E-05
7.470000E+06;1.755565E+00;1.371370E+00;6.190971E-05
7.529000E+06;1.753963E+00;1.378162E+00;6.327068E-05
7.542000E+06;1.734563E+00;1.363398E+00;6.357310E-05
7.553000E+06;1.725263E+00;1.355141E+00;6.382971E-05
7.594000E+06;1.704063E+00;1.337997E+00;6.479199E-05
7.620000E+06;1.700962E+00;1.326286E+00;6.540699E-05
7.641410E+06;1.716306E+00;1.333954E+00;6.591620E-05
7.650000E+06;1.722463E+00;1.337031E+00;6.609031E-05
7.667000E+06;1.782362E+00;1.390861E+00;6.643565E-05
7.680000E+06;1.808563E+00;1.414839E+00;6.670044E-05
7.698000E+06;1.927363E+00;1.525053E+00;6.706807E-05
7.700000E+06;1.932363E+00;1.529955E+00;6.710898E-05
7.725000E+06;2.225263E+00;1.798866E+00;6.762168E-05
7.745000E+06;2.425763E+00;1.987272E+00;6.803345E-05
7.750000E+06;2.392663E+00;1.954229E+00;6.813661E-05
7.770000E+06;2.275063E+00;1.823504E+00;6.855018E-05
7.789000E+06;2.143163E+00;1.683315E+00;6.894440E-05
7.810000E+06;2.053562E+00;1.580566E+00;6.938162E-05
7.819000E+06;2.058863E+00;1.582205E+00;6.956949E-05
7.860000E+06;2.001662E+00;1.521730E+00;7.042902E-05
7.886400E+06;1.970563E+00;1.492688E+00;7.098569E-05
7.886448E+06;1.969909E+00;1.492139E+00;7.098670E-05
7.888000E+06;1.948765E+00;1.474376E+00;7.101951E-05
7.897000E+06;1.945667E+00;1.471598E+00;7.120991E-05
7.930000E+06;1.912864E+00;1.431961E+00;7.191055E-05
7.936000E+06;1.891363E+00;1.409819E+00;7.203836E-05
8.000000E+06;1.852762E+00;1.350856E+00;7.340980E-05
8.005000E+06;1.863760E+00;1.354554E+00;7.350908E-05
8.010000E+06;1.816367E+00;1.305270E+00;7.360843E-05
8.014000E+06;1.854863E+00;1.334019E+00;7.368796E-05
8.044000E+06;1.842966E+00;1.297253E+00;7.428592E-05
8.053000E+06;1.882659E+00;1.330648E+00;7.446581E-05
8.079000E+06;1.885067E+00;1.322818E+00;7.498682E-05
8.080000E+06;1.875858E+00;1.314708E+00;7.500690E-05
8.100000E+06;1.885867E+00;1.317188E+00;7.540907E-05
8.101000E+06;1.903859E+00;1.331878E+00;7.542920E-05
8.105000E+06;1.888365E+00;1.318278E+00;7.550979E-05
8.109000E+06;1.867361E+00;1.299968E+00;7.559042E-05
8.120000E+06;1.850066E+00;1.281957E+00;7.581239E-05
8.131000E+06;1.813862E+00;1.248037E+00;7.603471E-05
8.138000E+06;1.798462E+00;1.233027E+00;7.617636E-05
8.160000E+06;1.714964E+00;1.156197E+00;7.662250E-05
8.166000E+06;1.669763E+00;1.115987E+00;7.674442E-05
8.200000E+06;1.516862E+00;9.730368E-01;7.743724E-05
8.210000E+06;1.471067E+00;9.490267E-01;7.764165E-05
8.218000E+06;1.452768E+00;9.418167E-01;7.780539E-05
8.240000E+06;1.399960E+00;9.209765E-01;7.825662E-05
8.280000E+06;1.299568E+00;8.771261E-01;7.908064E-05
8.295800E+06;1.264061E+00;8.606960E-01;7.940741E-05
8.296200E+06;1.258862E+00;8.565960E-01;7.941569E-05
8.296218E+06;1.258843E+00;8.565918E-01;7.941606E-05
8.320000E+06;1.234170E+00;8.509958E-01;7.990930E-05
8.330000E+06;1.213361E+00;8.374157E-01;8.011720E-05
8.391000E+06;1.146768E+00;8.025752E-01;8.139163E-05
8.400000E+06;1.136962E+00;7.975151E-01;8.158057E-05
8.426000E+06;1.135568E+00;8.001749E-01;8.212774E-05
8.448000E+06;1.118466E+00;7.856947E-01;8.259226E-05
8.450000E+06;1.101670E+00;7.715646E-01;8.263456E-05
8.480000E+06;1.107065E+00;7.762444E-01;8.327045E-05
8.499500E+06;1.083969E+00;7.571142E-01;8.368519E-05
8.500000E+06;1.074868E+00;7.491042E-01;8.369583E-05
8.520000E+06;1.083365E+00;7.571640E-01;8.412238E-05
8.553000E+06;1.066372E+00;7.394138E-01;8.482874E-05
8.600000E+06;1.079566E+00;7.552142E-01;8.584024E-05
8.611000E+06;1.079372E+00;7.563343E-01;8.607790E-05
8.664000E+06;1.065267E+00;7.480348E-01;8.722798E-05
8.700000E+06;1.068175E+00;7.451351E-01;8.801384E-05
8.708000E+06;1.062770E+00;7.371952E-01;8.818899E-05
8.724740E+06;1.062252E+00;7.296185E-01;8.855610E-05
8.750000E+06;1.061469E+00;7.181856E-01;8.852151E-05
8.768000E+06;1.067773E+00;7.160857E-01;8.849694E-05
8.800000E+06;1.071972E+00;7.068460E-01;8.845339E-05
8.833000E+06;1.076379E+00;6.889963E-01;8.840866E-05
8.850000E+06;1.077176E+00;6.772065E-01;8.838569E-05
8.885000E+06;1.097576E+00;6.683168E-01;8.833857E-05
8.920000E+06;1.086377E+00;6.382271E-01;8.829165E-05
8.940000E+06;1.103974E+00;6.376873E-01;8.826494E-05
8.980000E+06;1.130979E+00;6.329177E-01;8.821171E-05
9.000000E+06;1.132576E+00;6.306779E-01;8.818520E-05
9.005000E+06;1.152975E+00;6.443879E-01;8.817813E-05
9.020000E+06;1.154571E+00;6.425181E-01;8.815694E-05
9.030000E+06;1.167779E+00;6.504482E-01;8.814284E-05
9.045000E+06;1.174776E+00;6.536783E-01;8.812172E-05
9.053000E+06;1.197678E+00;6.692384E-01;8.811048E-05
9.067000E+06;1.196877E+00;6.683888E-01;8.809082E-05
9.080000E+06;1.223578E+00;6.856592E-01;8.807260E-05
9.149000E+06;1.288775E+00;7.233312E-01;8.797640E-05
9.163000E+06;1.307385E+00;7.367917E-01;8.795698E-05
9.180000E+06;1.302277E+00;7.352822E-01;8.793345E-05
9.219000E+06;1.330681E+00;7.314933E-01;8.787964E-05
9.250000E+06;1.325782E+00;7.246442E-01;8.783706E-05
9.254000E+06;1.339383E+00;7.333744E-01;8.783158E-05
9.300000E+06;1.319581E+00;7.169557E-01;8.776873E-05
9.360000E+06;1.292989E+00;6.995975E-01;8.768728E-05
9.400000E+06;1.270090E+00;6.813887E-01;8.763331E-05
9.450000E+06;1.252990E+00;6.715002E-01;8.756622E-05
9.500000E+06;1.235289E+00;6.693117E-01;8.749953E-05
9.522000E+06;1.234990E+00;6.697323E-01;8.747032E-05
9.553000E+06;1.223588E+00;6.644933E-01;8.742928E-05
9.560000E+06;1.230089E+00;6.691734E-01;8.742003E-05
9.590000E+06;1.221988E+00;6.710539E-01;8.738050E-05
9.600000E+06;1.219291E+00;6.714841E-01;8.736735E-05
9.630000E+06;1.222891E+00;6.801646E-01;8.732801E-05
9.640000E+06;1.231494E+00;6.874948E-01;8.731492E-05
9.678000E+06;1.226192E+00;6.856355E-01;8.726534E-05
9.680000E+06;1.223997E+00;6.844055E-01;8.726274E-05
9.692000E+06;1.225995E+00;6.829957E-01;8.724713E-05
9.700000E+06;1.236193E+00;6.854558E-01;8.723674E-05
9.726000E+06;1.230893E+00;6.703063E-01;8.720304E-05
9.740000E+06;1.245996E+00;6.762665E-01;8.718493E-05
9.750000E+06;1.226589E+00;6.695867E-01;8.717201E-05
9.800000E+06;1.229395E+00;6.845276E-01;8.710766E-05
9.808080E+06;1.224817E+00;6.842353E-01;8.709730E-05
9.821000E+06;1.217498E+00;6.837680E-01;8.693788E-05
9.830000E+06;1.218794E+00;6.863081E-01;8.682712E-05
9.868000E+06;1.198592E+00;6.787488E-01;8.636213E-05
9.900000E+06;1.182195E+00;6.717994E-01;8.597388E-05
9.917000E+06;1.183099E+00;6.742096E-01;8.576883E-05
9.921000E+06;1.173099E+00;6.675397E-01;8.572071E-05
1.000000E+07;1.172996E+00;6.567711E-01;8.477970E-05
1.005000E+07;1.147593E+00;6.434120E-01;8.410996E-05
1.005300E+07;1.138694E+00;6.368820E-01;8.407005E-05
1.017000E+07;1.118301E+00;6.420644E-01;8.253730E-05
1.025000E+07;1.112793E+00;6.343860E-01;8.151527E-05
1.030000E+07;1.111600E+00;6.286370E-01;8.088693E-05
1.037200E+07;1.137695E+00;6.350785E-01;7.999588E-05
1.040000E+07;1.145695E+00;6.433191E-01;7.965367E-05
1.044800E+07;1.161898E+00;6.650200E-01;7.907254E-05
1.044806E+07;1.161931E+00;6.650462E-01;7.907182E-05
1.047800E+07;1.179299E+00;6.781307E-01;7.871284E-05
1.050000E+07;1.195700E+00;6.909111E-01;7.845074E-05
1.050600E+07;1.196201E+00;6.909012E-01;7.837951E-05
1.053600E+07;1.212098E+00;7.017418E-01;7.802492E-05
1.055000E+07;1.209598E+00;6.982821E-01;7.786034E-05
1.055300E+07;1.222404E+00;7.084822E-01;7.782514E-05
1.062000E+07;1.254598E+00;7.254834E-01;7.704584E-05
1.069000E+07;1.298497E+00;7.508846E-01;7.624513E-05
1.070000E+07;1.298803E+00;7.526048E-01;7.613185E-05
1.075000E+07;1.331401E+00;7.861757E-01;7.556954E-05
1.080000E+07;1.355200E+00;8.128466E-01;7.501396E-05
1.083000E+07;1.374507E+00;8.325971E-01;7.468380E-05
1.089140E+07;1.406610E+00;8.683857E-01;7.401540E-05
1.090000E+07;1.411106E+00;8.733984E-01;7.391359E-05
1.094000E+07;1.420199E+00;8.874491E-01;7.344296E-05
1.100000E+07;1.408503E+00;8.621401E-01;7.274580E-05
1.100400E+07;1.400507E+00;8.562302E-01;7.269275E-05
1.105300E+07;1.401200E+00;8.669211E-01;7.204752E-05
1.109600E+07;1.388901E+00;8.635915E-01;7.148834E-05
1.110000E+07;1.393905E+00;8.685816E-01;7.143666E-05
1.116600E+07;1.400204E+00;8.852923E-01;7.059187E-05
1.117000E+07;1.401198E+00;8.868723E-01;7.054115E-05
1.125000E+07;1.386698E+00;8.755831E-01;6.953815E-05
1.130000E+07;1.383199E+00;8.730537E-01;6.892210E-05
1.140000E+07;1.373400E+00;8.727947E-01;6.771426E-05
1.150000E+07;1.356502E+00;8.644358E-01;6.653787E-05
1.155300E+07;1.345007E+00;8.514563E-01;6.592675E-05
1.170800E+07;1.336904E+00;8.384571E-01;6.418702E-05
1.175000E+07;1.354804E+00;8.534774E-01;6.372745E-05
1.175100E+07;1.349199E+00;8.485974E-01;6.371657E-05
1.180000E+07;1.359199E+00;8.577876E-01;6.318674E-05
1.182800E+07;1.373199E+00;8.700678E-01;6.288694E-05
1.190000E+07;1.412699E+00;9.048182E-01;6.212574E-05
1.190900E+07;1.408001E+00;9.008382E-01;6.203156E-05
1.191700E+07;1.421696E+00;9.126283E-01;6.194803E-05
1.197470E+07;1.424966E+00;9.034661E-01;6.135050E-05
1.200000E+07;1.426400E+00;8.994487E-01;6.109710E-05
1.205000E+07;1.444598E+00;9.099190E-01;6.053147E-05
1.205300E+07;1.449995E+00;9.133790E-01;6.049777E-05
1.208800E+07;1.449094E+00;9.103387E-01;6.010664E-05
1.210000E+07;1.451595E+00;9.109886E-01;5.997338E-05
1.219600E+07;1.387198E+00;8.718877E-01;5.892253E-05
1.222400E+07;1.374999E+00;8.650374E-01;5.862105E-05
1.225000E+07;1.367496E+00;8.612072E-01;5.834310E-05
1.230000E+07;1.345293E+00;8.484767E-01;5.781391E-05
1.240000E+07;1.324997E+00;8.392258E-01;5.677617E-05
1.250000E+07;1.331791E+00;8.560648E-01;5.576517E-05
1.255300E+07;1.341390E+00;8.641743E-01;5.523988E-05
1.259900E+07;1.347486E+00;8.697535E-01;5.478974E-05
1.270000E+07;1.366483E+00;8.872515E-01;5.381985E-05
1.273800E+07;1.366982E+00;8.895008E-01;5.346136E-05
1.279200E+07;1.387586E+00;9.067198E-01;5.295785E-05
1.290000E+07;1.401979E+00;9.194677E-01;5.197121E-05
1.299000E+07;1.423478E+00;9.436460E-01;5.116920E-05
1.300000E+07;1.420377E+00;9.419758E-01;5.108120E-05
1.305300E+07;1.415579E+00;9.368348E-01;5.055019E-05
1.305810E+07;1.415655E+00;9.367467E-01;5.049950E-05
1.310000E+07;1.416278E+00;9.360230E-01;5.133073E-05
1.312000E+07;1.416379E+00;9.356122E-01;5.173136E-05
1.325000E+07;1.407367E+00;9.248772E-01;5.439715E-05
1.328000E+07;1.394972E+00;9.145161E-01;5.502773E-05
1.330000E+07;1.397273E+00;9.156053E-01;5.545137E-05
1.350000E+07;1.392767E+00;9.052876E-01;5.983380E-05
1.352080E+07;1.396513E+00;9.077880E-01;6.030510E-05
1.354000E+07;1.399970E+00;9.100961E-01;6.068872E-05
1.355300E+07;1.399463E+00;9.094356E-01;6.094953E-05
1.358700E+07;1.400467E+00;9.094540E-01;6.163577E-05
1.364600E+07;1.385961E+00;8.955912E-01;6.284083E-05
1.370000E+07;1.381461E+00;8.891086E-01;6.395971E-05
1.376700E+07;1.373963E+00;8.808754E-01;6.536939E-05
1.376742E+07;1.373761E+00;8.807162E-01;6.537830E-05
1.382200E+07;1.348648E+00;8.600328E-01;6.654451E-05
1.383000E+07;1.348849E+00;8.597924E-01;6.671679E-05
1.396500E+07;1.330554E+00;8.413460E-01;6.967665E-05
1.400000E+07;1.302255E+00;8.192143E-01;7.046040E-05
1.405300E+07;1.315355E+00;8.249418E-01;7.157258E-05
1.414140E+07;1.324947E+00;8.294061E-01;7.345720E-05
1.418200E+07;1.329354E+00;8.314564E-01;7.500355E-05
1.425000E+07;1.334251E+00;8.372635E-01;7.765641E-05
1.436400E+07;1.321156E+00;8.302987E-01;8.228555E-05
1.441900E+07;1.312152E+00;8.243664E-01;8.460270E-05
1.447200E+07;1.313754E+00;8.378942E-01;8.688862E-05
1.450000E+07;1.320049E+00;8.434431E-01;8.811763E-05
1.455300E+07;1.333949E+00;8.538047E-01;9.048507E-05
1.456440E+07;1.334389E+00;8.545005E-01;9.100140E-05
1.456600E+07;1.334451E+00;8.545981E-01;9.106285E-05
1.465300E+07;1.363046E+00;8.801097E-01;9.445715E-05
1.469400E+07;1.379249E+00;8.945456E-01;9.609310E-05
1.475000E+07;1.380650E+00;8.989307E-01;9.836586E-05
1.476700E+07;1.377453E+00;8.973459E-01;9.906464E-05
1.480700E+07;1.380448E+00;9.021438E-01;1.007252E-04
1.481200E+07;1.382448E+00;9.039936E-01;1.009344E-04
1.483700E+07;1.385444E+00;9.075423E-01;1.019859E-04
1.486300E+07;1.388749E+00;9.113290E-01;1.030892E-04
1.488700E+07;1.390146E+00;9.133517E-01;1.041164E-04
1.488800E+07;1.390146E+00;9.133777E-01;1.041594E-04
1.489200E+07;1.396548E+00;9.190995E-01;1.043315E-04
1.490600E+07;1.398548E+00;9.213208E-01;1.049357E-04
1.490900E+07;1.399251E+00;9.219146E-01;1.050656E-04
1.492700E+07;1.396453E+00;9.198577E-01;1.058476E-04
1.495400E+07;1.396946E+00;9.193623E-01;1.070296E-04
1.496200E+07;1.396749E+00;9.188059E-01;1.073820E-04
1.499600E+07;1.403547E+00;9.230262E-01;1.088904E-04
1.500000E+07;1.397448E+00;9.175480E-01;1.090690E-04
1.500600E+07;1.399651E+00;9.194399E-01;1.093098E-04
1.504500E+07;1.410252E+00;9.285723E-01;1.108858E-04
1.505300E+07;1.414545E+00;9.321515E-01;1.112114E-04
1.509300E+07;1.425352E+00;9.415881E-01;1.128510E-04
1.522470E+07;1.432575E+00;9.562263E-01;1.183900E-04
1.524800E+07;1.433853E+00;9.588161E-01;1.194503E-04
1.526300E+07;1.433844E+00;9.589810E-01;1.201371E-04
1.526340E+07;1.433886E+00;9.590381E-01;1.201554E-04
1.544800E+07;1.454348E+00;9.853929E-01;1.288796E-04
1.547700E+07;1.454953E+00;9.866832E-01;1.302966E-04
1.550000E+07;1.457055E+00;9.888609E-01;1.314297E-04
1.555300E+07;1.463855E+00;9.938870E-01;1.340716E-04
1.573100E+07;1.479654E+00;1.006293E+00;1.432689E-04
1.596600E+07;1.507366E+00;1.025478E+00;1.562065E-04
1.597000E+07;1.513663E+00;1.031307E+00;1.564348E-04
1.599000E+07;1.509960E+00;1.028462E+00;1.575805E-04
1.600000E+07;1.515563E+00;1.033794E+00;1.581560E-04
1.605300E+07;1.502663E+00;1.018894E+00;1.607893E-04
1.606800E+07;1.501969E+00;1.016618E+00;1.615409E-04
1.625600E+07;1.463266E+00;9.836825E-01;1.712016E-04
1.630810E+07;1.447296E+00;9.673000E-01;1.739590E-04
1.634700E+07;1.435372E+00;9.550681E-01;1.754562E-04
1.634745E+07;1.435371E+00;9.550568E-01;1.754735E-04
1.644300E+07;1.438169E+00;9.526551E-01;1.791908E-04
1.650000E+07;1.432772E+00;9.489244E-01;1.814352E-04
1.653200E+07;1.428980E+00;9.469205E-01;1.827040E-04
1.655300E+07;1.425474E+00;9.429946E-01;1.835402E-04
1.669500E+07;1.408479E+00;9.195066E-01;1.892669E-04
1.682000E+07;1.400589E+00;9.085254E-01;1.944139E-04
1.682400E+07;1.399388E+00;9.073067E-01;1.945802E-04
1.697400E+07;1.395692E+00;8.965813E-01;2.008930E-04
1.700000E+07;1.397196E+00;8.966591E-01;2.020020E-04
1.705300E+07;1.401294E+00;8.967873E-01;2.041012E-04
1.707400E+07;1.405899E+00;8.992450E-01;2.049371E-04
1.713800E+07;1.398102E+00;8.872509E-01;2.074995E-04
1.729800E+07;1.393110E+00;8.709475E-01;2.140033E-04
1.729816E+07;1.393109E+00;8.709360E-01;2.140098E-04
1.730000E+07;1.393109E+00;8.708043E-01;2.140855E-04
1.730100E+07;1.406407E+00;8.852461E-01;2.141266E-04
1.739140E+07;1.403003E+00;8.787233E-01;2.178650E-04
1.743100E+07;1.401511E+00;8.758659E-01;2.184736E-04
1.743150E+07;1.401493E+00;8.758306E-01;2.184812E-04
1.746700E+07;1.401109E+00;8.733252E-01;2.190271E-04
1.750000E+07;1.405610E+00;8.759863E-01;2.195347E-04
1.755300E+07;1.410715E+00;8.803935E-01;2.203504E-04
1.761600E+07;1.416516E+00;8.873125E-01;2.213207E-04
1.768700E+07;1.417617E+00;8.896514E-01;2.224152E-04
1.790000E+07;1.431729E+00;9.059481E-01;2.257046E-04
1.790100E+07;1.434529E+00;9.086970E-01;2.257201E-04
1.800000E+07;1.442930E+00;9.175296E-01;2.272520E-04
1.805300E+07;1.452734E+00;9.295115E-01;2.280674E-04
1.808700E+07;1.446735E+00;9.234012E-01;2.285908E-04
1.815800E+07;1.467937E+00;9.357982E-01;2.296844E-04
1.827300E+07;1.465737E+00;9.289137E-01;2.314578E-04
1.846000E+07;1.461642E+00;9.228020E-01;2.343466E-04
1.847470E+07;1.464654E+00;9.255585E-01;2.345740E-04
1.850000E+07;1.469838E+00;9.303026E-01;2.344492E-04
1.851600E+07;1.472938E+00;9.333388E-01;2.343704E-04
1.855300E+07;1.476437E+00;9.375123E-01;2.341886E-04
1.863200E+07;1.483835E+00;9.463497E-01;2.338021E-04
1.870000E+07;1.487234E+00;9.528459E-01;2.334712E-04
1.883300E+07;1.485137E+00;9.569630E-01;2.328288E-04
1.900000E+07;1.487339E+00;9.690280E-01;2.320310E-04
1.903000E+07;1.487796E+00;9.712030E-01;2.318829E-04
1.903400E+07;1.487851E+00;9.713274E-01;2.318632E-04
1.905300E+07;1.488166E+00;9.731419E-01;2.317696E-04
1.918500E+07;1.490677E+00;9.777384E-01;2.311231E-04
1.934600E+07;1.494303E+00;9.801549E-01;2.303430E-04
1.950000E+07;1.497976E+00;9.810585E-01;2.296052E-04
1.951100E+07;1.498241E+00;9.814346E-01;2.295528E-04
1.955300E+07;1.499222E+00;9.818500E-01;2.293532E-04
1.955810E+07;1.499339E+00;9.815986E-01;2.293290E-04
1.960000E+07;1.500299E+00;9.795329E-01;2.281538E-04
1.966100E+07;1.501636E+00;9.815434E-01;2.264581E-04
1.979400E+07;1.504243E+00;9.857386E-01;2.228222E-04
1.989200E+07;1.505790E+00;9.915297E-01;2.201958E-04
1.999999E+07;1.507006E+00;9.807171E-01;2.173523E-04